{
  "breach_ratio_base": 0.015957446808510637,
  "breach_ratio_gated": 0.07750759878419453,
  "esb_base": 0.03230808327433018,
  "esb_gated": 0.018584498974990614,
  "sharpe_base": 0.7191394161082834,
  "sharpe_gated": 0.5832764695334566,
  "sortino_base": 0.9690001543017424,
  "sortino_gated": 0.7650114338774088,
  "prr": 79.43203829637504,
  "avg_exposure": 0.6812310030395137
}