{
  "breach_ratio_base": 0.015957446808510637,
  "breach_ratio_gated": 0.08282674772036475,
  "esb_base": 0.03230808327433018,
  "esb_gated": 0.014290221105913502,
  "sharpe_base": 0.7191394161082834,
  "sharpe_gated": 0.686150183438209,
  "sortino_base": 0.9690001543017424,
  "sortino_gated": 0.8685943612560704,
  "prr": 183.88191710246653,
  "avg_exposure": 0.7784954407294833
}