{
  "auc_val": 0.7273671938361719,
  "auc_test": 0.7060891236423152,
  "prauc_val": 0.08195459196115581,
  "prauc_test": 0.12961816086151873,
  "brier_val": 0.023682937026023865,
  "brier_test": 0.03238137438893318,
  "n_train": 3796,
  "n_val": 1265,
  "n_test": 1266,
  "pos_rate_train": 0.03240252897787144,
  "pos_rate_val": 0.025296442687747035,
  "pos_rate_test": 0.03475513428120063
}