{
  "model": "RCRE",
  "auc_test": 0.702713509894361,
  "prauc_test": 0.12515327019052924,
  "brier_test": 0.03230462412048031
}